{
    "JavaScript": 33.116008284973226,
    "PHP": 10.04235785859566,
    "Shell": 0.17204381332686458,
    "Go": 8.77684685861432,
    "Swift": 6.458547144110019,
    "Dart": 0.7307197103991342,
    "Java": 6.863839077457036,
    "Python": 8.523819298016457,
    "Vue": 1.2356552406187606,
    "TypeScript": 24.080162713888527
}